Symbol,Timeframe,Session,TP_SL,Spread,Trades,WinRate,Max_Streak,R2_Smoothness,Profit,PF,MDD
EURUSD,M5,UTC 00-05,6.0/35.0p,0.8,97,64.9,9,0.9,-1774.5,0.41,-1.98
EURUSD,M5,UTC 22-05,8.0/40.0p,0.8,122,68.0,9,0.78,-799.7,0.72,-1.31
EURUSD,M15,UTC 00-05,10.0/30.0p,0.8,37,64.9,6,0.77,-322.1,0.77,-0.68
EURUSD,M15,UTC 23-06,12.0/35.0p,0.8,43,60.5,4,0.73,-439.7,0.74,-0.73
EURUSD,M15,UTC 00-05,15.0/35.0p,0.8,37,64.9,6,0.75,-309.7,0.78,-0.71
EURUSD,M30,UTC 00-06,15.0/40.0p,0.8,21,33.3,2,0.14,-302.7,0.63,-0.31
EURUSD,M30,UTC 22-06,20.0/50.0p,0.8,22,36.4,3,0.05,-209.1,0.75,-0.31
EURUSD,H1,UTC 21-06,25.0/60.0p,0.8,87,56.3,8,0.11,-734.6,0.9,-2.4
GBPUSD,M5,UTC 00-05,6.0/35.0p,1.0,97,68.0,7,0.74,-751.3,0.67,-1.16
GBPUSD,M5,UTC 22-05,8.0/40.0p,1.0,117,70.9,9,0.27,1.1,1.0,-0.95
GBPUSD,M15,UTC 00-05,10.0/30.0p,1.0,39,56.4,3,0.52,-515.7,0.71,-0.69
GBPUSD,M15,UTC 23-06,12.0/35.0p,1.0,46,52.2,4,0.57,-550.0,0.73,-0.8
GBPUSD,M15,UTC 00-05,15.0/35.0p,1.0,39,56.4,3,0.46,-404.4,0.77,-0.66
GBPUSD,M30,UTC 00-06,15.0/40.0p,1.0,19,42.1,4,0.18,-139.7,0.81,-0.55
GBPUSD,M30,UTC 22-06,20.0/50.0p,1.0,19,42.1,4,0.06,-39.7,0.95,-0.55
GBPUSD,H1,UTC 21-06,25.0/60.0p,1.0,58,55.2,6,0.44,-1019.0,0.84,-2.2
USDJPY,M5,UTC 00-05,6.0/35.0p,0.9,122,66.4,8,0.87,-1226.2,0.62,-1.42
USDJPY,M5,UTC 22-05,8.0/40.0p,0.9,132,65.2,9,0.89,-1610.6,0.59,-1.93
USDJPY,M15,UTC 00-05,10.0/30.0p,0.9,41,56.1,8,0.74,-1359.7,0.45,-1.49
USDJPY,M15,UTC 23-06,12.0/35.0p,0.9,51,51.0,6,0.8,-1498.9,0.47,-1.72
USDJPY,M15,UTC 00-05,15.0/35.0p,0.9,41,56.1,8,0.72,-1315.1,0.5,-1.48
USDJPY,M30,UTC 00-06,15.0/40.0p,0.9,29,51.7,4,0.86,-950.4,0.53,-1.13
USDJPY,M30,UTC 22-06,20.0/50.0p,0.9,28,53.6,4,0.74,-597.4,0.69,-0.84
USDJPY,H1,UTC 21-06,25.0/60.0p,0.9,204,52.9,6,0.89,-6274.1,0.7,-7.19
AUDUSD,M5,UTC 00-05,6.0/35.0p,1.0,105,53.3,9,0.95,-2235.2,0.35,-2.4
AUDUSD,M5,UTC 22-05,8.0/40.0p,1.0,134,59.7,11,0.91,-1593.4,0.54,-1.97
AUDUSD,M15,UTC 00-05,10.0/30.0p,1.0,48,45.8,7,0.94,-2052.1,0.31,-2.42
AUDUSD,M15,UTC 23-06,12.0/35.0p,1.0,52,46.2,7,0.93,-1974.0,0.34,-2.36
AUDUSD,M15,UTC 00-05,15.0/35.0p,1.0,48,45.8,7,0.94,-2033.8,0.31,-2.42
AUDUSD,M30,UTC 00-06,15.0/40.0p,1.0,34,35.3,2,0.85,-1120.5,0.39,-1.12
AUDUSD,M30,UTC 22-06,20.0/50.0p,1.0,35,37.1,3,0.78,-1052.6,0.43,-1.05
AUDUSD,H1,UTC 21-06,25.0/60.0p,1.0,164,53.0,7,0.71,-1349.6,0.87,-2.47
USDCAD,M5,UTC 00-05,6.0/35.0p,1.2,68,70.6,10,0.06,130.1,1.15,-0.23
USDCAD,M5,UTC 22-05,8.0/40.0p,1.2,80,73.8,12,0.78,617.5,1.7,-0.19
USDCAD,M15,UTC 00-05,10.0/30.0p,1.2,28,67.9,5,0.05,114.8,1.18,-0.24
USDCAD,M15,UTC 23-06,12.0/35.0p,1.2,32,65.6,5,0.0,156.8,1.23,-0.27
USDCAD,M15,UTC 00-05,15.0/35.0p,1.2,28,64.3,5,0.02,-23.2,0.96,-0.27
USDCAD,M30,UTC 00-06,15.0/40.0p,1.2,16,37.5,2,0.73,-250.1,0.42,-0.25
USDCAD,M30,UTC 22-06,20.0/50.0p,1.2,17,41.2,2,0.45,-191.6,0.55,-0.2
USDCAD,H1,UTC 21-06,25.0/60.0p,1.2,75,60.0,7,0.83,1406.8,1.41,-0.55
USDCHF,M5,UTC 00-05,6.0/35.0p,1.2,91,51.6,5,0.97,-2430.0,0.3,-2.61
USDCHF,M5,UTC 22-05,8.0/40.0p,1.2,133,66.9,7,0.3,-428.7,0.89,-0.97
USDCHF,M15,UTC 00-05,10.0/30.0p,1.2,25,44.0,3,0.94,-1003.4,0.36,-1.2
USDCHF,M15,UTC 23-06,12.0/35.0p,1.2,33,42.4,3,0.92,-1223.0,0.35,-1.44
USDCHF,M15,UTC 00-05,15.0/35.0p,1.2,25,44.0,3,0.92,-937.5,0.4,-1.13
USDCHF,H1,UTC 21-06,25.0/60.0p,1.2,75,53.3,8,0.86,-2742.1,0.65,-3.61
NZDUSD,M5,UTC 00-05,6.0/35.0p,1.2,99,37.4,4,0.93,-3147.7,0.2,-3.16
NZDUSD,M5,UTC 22-05,8.0/40.0p,1.2,131,48.9,6,0.76,-1911.3,0.52,-1.96
NZDUSD,M15,UTC 00-05,10.0/30.0p,1.2,42,52.4,5,0.79,-1388.4,0.43,-1.78
NZDUSD,M15,UTC 23-06,12.0/35.0p,1.2,46,50.0,4,0.81,-1560.4,0.4,-1.82
NZDUSD,M15,UTC 00-05,15.0/35.0p,1.2,42,52.4,5,0.79,-1382.4,0.42,-1.72
NZDUSD,M30,UTC 00-06,15.0/40.0p,1.2,32,46.9,5,0.74,-1085.0,0.46,-1.21
NZDUSD,M30,UTC 22-06,20.0/50.0p,1.2,33,48.5,5,0.69,-1031.1,0.49,-1.19
NZDUSD,H1,UTC 21-06,25.0/60.0p,1.2,168,46.4,5,0.68,-1832.5,0.82,-3.09
EURGBP,M5,UTC 00-05,6.0/35.0p,1.3,91,6.6,1,0.99,-2120.3,0.01,-2.12
EURGBP,M5,UTC 22-05,8.0/40.0p,1.3,120,26.7,2,0.97,-1191.6,0.45,-1.19
EURGBP,M15,UTC 00-05,10.0/30.0p,1.3,19,42.1,2,0.95,-469.4,0.19,-0.48
EURGBP,M15,UTC 23-06,12.0/35.0p,1.3,24,33.3,2,0.94,-801.2,0.12,-0.8
EURGBP,M15,UTC 00-05,15.0/35.0p,1.3,19,42.1,2,0.95,-469.4,0.19,-0.48
EURGBP,H1,UTC 21-06,25.0/60.0p,1.3,37,43.2,5,0.34,-881.8,0.64,-1.3
EURJPY,M5,UTC 00-05,6.0/35.0p,1.3,108,63.9,9,0.88,-2228.5,0.37,-2.32
EURJPY,M5,UTC 22-05,8.0/40.0p,1.3,149,71.8,12,0.35,-671.4,0.82,-1.36
EURJPY,M15,UTC 00-05,10.0/30.0p,1.3,42,57.1,7,0.83,-1200.5,0.47,-1.29
EURJPY,M15,UTC 23-06,12.0/35.0p,1.3,50,54.0,8,0.89,-1562.8,0.44,-1.72
EURJPY,M15,UTC 00-05,15.0/35.0p,1.3,41,53.7,7,0.87,-1421.2,0.46,-1.58
EURJPY,M30,UTC 00-06,15.0/40.0p,1.3,25,36.0,2,0.85,-995.9,0.4,-1.13
EURJPY,M30,UTC 22-06,20.0/50.0p,1.3,28,39.3,2,0.83,-898.1,0.55,-1.16
EURJPY,H1,UTC 21-06,25.0/60.0p,1.3,179,54.7,7,0.13,-2728.8,0.82,-3.21
EURCHF,M5,UTC 00-05,6.0/35.0p,1.5,77,31.2,3,0.8,-1225.9,0.42,-1.23
EURCHF,M5,UTC 22-05,8.0/40.0p,1.5,112,47.3,6,0.19,-537.3,0.77,-0.6
EURCHF,M15,UTC 00-05,10.0/30.0p,1.5,21,23.8,1,0.94,-859.5,0.07,-0.86
EURCHF,M15,UTC 23-06,12.0/35.0p,1.5,30,26.7,2,0.92,-993.2,0.12,-1.01
EURCHF,M15,UTC 00-05,15.0/35.0p,1.5,21,23.8,1,0.94,-859.5,0.07,-0.86
EURCHF,H1,UTC 21-06,25.0/60.0p,1.5,51,66.7,7,0.69,1658.6,1.53,-1.44
EURAUD,M5,UTC 00-05,6.0/35.0p,2.0,126,69.8,8,0.94,-1936.8,0.48,-2.11
EURAUD,M5,UTC 22-05,8.0/40.0p,2.0,158,71.5,9,0.62,-276.5,0.93,-1.08
EURAUD,M15,UTC 00-05,10.0/30.0p,2.0,54,70.4,8,0.41,-427.1,0.79,-0.7
EURAUD,M15,UTC 23-06,12.0/35.0p,2.0,63,65.1,10,0.51,-710.4,0.75,-1.1
EURAUD,M15,UTC 00-05,15.0/35.0p,2.0,54,61.1,6,0.44,-819.1,0.73,-0.95
EURAUD,M30,UTC 00-06,15.0/40.0p,2.0,32,46.9,3,0.6,-1086.0,0.5,-1.17
EURAUD,M30,UTC 22-06,20.0/50.0p,2.0,30,46.7,3,0.43,-1022.5,0.53,-1.11
EURAUD,H1,UTC 21-06,25.0/60.0p,2.0,187,59.4,7,0.09,-285.6,0.98,-1.96
EURCAD,M5,UTC 00-05,6.0/35.0p,1.8,77,49.4,3,0.94,-795.2,0.51,-0.86
EURCAD,M5,UTC 22-05,8.0/40.0p,1.8,107,59.8,6,0.01,-81.7,0.96,-0.38
EURCAD,M15,UTC 00-05,10.0/30.0p,1.8,22,27.3,2,0.96,-1391.0,0.1,-1.39
EURCAD,M15,UTC 23-06,12.0/35.0p,1.8,28,21.4,2,0.98,-1745.9,0.09,-1.75
EURCAD,M15,UTC 00-05,15.0/35.0p,1.8,22,27.3,2,0.96,-1456.0,0.08,-1.46
EURCAD,H1,UTC 21-06,25.0/60.0p,1.8,44,45.5,3,0.89,-2285.7,0.51,-2.48
EURNZD,M5,UTC 00-05,6.0/35.0p,2.5,124,76.6,20,0.65,-2270.6,0.39,-2.66
EURNZD,M5,UTC 22-05,8.0/40.0p,2.5,148,75.0,18,0.33,-1464.2,0.67,-2.4
EURNZD,M15,UTC 00-05,10.0/30.0p,2.5,50,58.0,8,0.96,-2838.4,0.29,-2.92
EURNZD,M15,UTC 23-06,12.0/35.0p,2.5,52,53.8,7,0.93,-2741.6,0.33,-2.86
EURNZD,M15,UTC 00-05,15.0/35.0p,2.5,49,53.1,7,0.92,-2426.6,0.4,-2.63
EURNZD,M30,UTC 00-06,15.0/40.0p,2.5,40,50.0,6,0.85,-2455.4,0.36,-2.53
EURNZD,M30,UTC 22-06,20.0/50.0p,2.5,37,48.6,6,0.83,-2433.2,0.4,-2.43
EURNZD,H1,UTC 21-06,25.0/60.0p,2.5,212,53.8,7,0.8,-4469.8,0.74,-5.27
GBPJPY,M5,UTC 00-05,6.0/35.0p,1.6,113,66.4,10,0.89,-2036.6,0.45,-2.12
GBPJPY,M5,UTC 22-05,8.0/40.0p,1.6,155,75.5,11,0.0,91.8,1.02,-1.12
GBPJPY,M15,UTC 00-05,10.0/30.0p,1.6,33,72.7,10,0.16,-419.7,0.74,-1.12
GBPJPY,M15,UTC 23-06,12.0/35.0p,1.6,43,58.1,7,0.36,-827.2,0.65,-1.26
GBPJPY,M15,UTC 00-05,15.0/35.0p,1.6,33,63.6,7,0.06,-429.2,0.78,-1.06
GBPJPY,M30,UTC 00-06,15.0/40.0p,1.6,21,23.8,4,0.81,-1330.7,0.24,-1.63
GBPJPY,M30,UTC 22-06,20.0/50.0p,1.6,21,28.6,4,0.77,-1051.0,0.41,-1.51
GBPJPY,H1,UTC 21-06,25.0/60.0p,1.6,166,60.2,6,0.74,-3265.1,0.81,-4.54
GBPAUD,M5,UTC 00-05,6.0/35.0p,2.5,107,61.7,6,0.97,-3235.7,0.26,-3.25
GBPAUD,M5,UTC 22-05,8.0/40.0p,2.5,161,71.4,11,0.85,-1304.0,0.72,-1.58
GBPAUD,M15,UTC 00-05,10.0/30.0p,2.5,44,63.6,6,0.91,-1082.0,0.53,-1.22
GBPAUD,M15,UTC 23-06,12.0/35.0p,2.5,48,58.3,8,0.89,-1351.4,0.52,-1.56
GBPAUD,M15,UTC 00-05,15.0/35.0p,2.5,43,58.1,6,0.83,-1166.1,0.58,-1.33
GBPAUD,M30,UTC 00-06,15.0/40.0p,2.5,34,44.1,3,0.82,-1755.3,0.38,-1.76
GBPAUD,M30,UTC 22-06,20.0/50.0p,2.5,29,41.4,2,0.78,-1319.2,0.44,-1.43
GBPAUD,H1,UTC 21-06,25.0/60.0p,2.5,176,65.3,14,0.23,1529.0,1.12,-2.1
GBPCAD,M5,UTC 00-05,6.0/35.0p,2.2,79,54.4,6,0.78,-909.6,0.43,-0.98
GBPCAD,M5,UTC 22-05,8.0/40.0p,2.2,126,69.8,10,0.87,691.9,1.42,-0.23
GBPCAD,M15,UTC 00-05,10.0/30.0p,2.2,19,42.1,3,0.82,-860.0,0.21,-0.9
GBPCAD,M15,UTC 23-06,12.0/35.0p,2.2,31,38.7,5,0.73,-1130.9,0.31,-1.17
GBPCAD,M15,UTC 00-05,15.0/35.0p,2.2,19,36.8,2,0.87,-934.4,0.18,-0.93
GBPCAD,H1,UTC 21-06,25.0/60.0p,2.2,36,47.2,2,0.72,-2243.5,0.49,-2.53
GBPCHF,M5,UTC 00-05,6.0/35.0p,2.2,69,24.6,3,0.97,-2492.7,0.19,-2.54
GBPCHF,M5,UTC 22-05,8.0/40.0p,2.2,118,45.8,5,0.85,-1028.6,0.69,-1.16
GBPCHF,M15,UTC 23-06,12.0/35.0p,2.2,19,26.3,2,0.91,-1024.5,0.2,-1.06
GBPCHF,H1,UTC 21-06,25.0/60.0p,2.2,45,53.3,3,0.04,313.7,1.09,-1.02
GBPNZD,M5,UTC 00-05,6.0/35.0p,3.0,109,62.4,8,0.94,-5006.6,0.15,-5.03
GBPNZD,M5,UTC 22-05,8.0/40.0p,3.0,161,70.2,10,0.85,-3807.4,0.42,-3.91
GBPNZD,M15,UTC 00-05,10.0/30.0p,3.0,47,59.6,7,0.96,-2744.8,0.26,-2.78
GBPNZD,M15,UTC 23-06,12.0/35.0p,3.0,48,56.2,7,0.92,-2619.0,0.33,-2.67
GBPNZD,M15,UTC 00-05,15.0/35.0p,3.0,42,54.8,5,0.94,-2437.2,0.37,-2.5
GBPNZD,M30,UTC 00-06,15.0/40.0p,3.0,39,51.3,8,0.88,-2821.8,0.31,-2.89
GBPNZD,M30,UTC 22-06,20.0/50.0p,3.0,40,50.0,5,0.77,-1913.0,0.5,-2.52
GBPNZD,H1,UTC 21-06,25.0/60.0p,3.0,192,58.9,9,0.77,-4048.8,0.77,-4.92
AUDJPY,M5,UTC 00-05,6.0/35.0p,1.5,100,53.0,9,0.94,-3829.0,0.24,-3.88
AUDJPY,M5,UTC 22-05,8.0/40.0p,1.5,144,66.7,17,0.75,-2305.8,0.56,-2.74
AUDJPY,M15,UTC 00-05,10.0/30.0p,1.5,52,55.8,6,0.82,-1343.8,0.51,-1.46
AUDJPY,M15,UTC 23-06,12.0/35.0p,1.5,53,50.9,3,0.84,-1760.3,0.46,-1.94
AUDJPY,M15,UTC 00-05,15.0/35.0p,1.5,51,52.9,5,0.83,-1401.0,0.53,-1.63
AUDJPY,M30,UTC 00-06,15.0/40.0p,1.5,38,36.8,4,0.81,-1837.3,0.37,-1.84
AUDJPY,M30,UTC 22-06,20.0/50.0p,1.5,38,31.6,3,0.85,-2329.2,0.32,-2.33
AUDJPY,H1,UTC 21-06,25.0/60.0p,1.5,235,48.9,6,0.84,-6425.7,0.68,-6.63
AUDCAD,M5,UTC 00-05,6.0/35.0p,1.5,133,75.2,19,0.03,-18.3,0.99,-0.79
AUDCAD,M5,UTC 22-05,8.0/40.0p,1.5,169,72.8,10,0.83,1703.2,1.61,-0.68
AUDCAD,M15,UTC 00-05,10.0/30.0p,1.5,39,61.5,6,0.4,-173.8,0.89,-0.82
AUDCAD,M15,UTC 23-06,12.0/35.0p,1.5,41,43.9,5,0.8,-794.0,0.58,-1.08
AUDCAD,M15,UTC 00-05,15.0/35.0p,1.5,33,39.4,4,0.78,-703.7,0.6,-1.14
AUDCAD,M30,UTC 00-06,15.0/40.0p,1.5,25,28.0,2,0.65,-1006.0,0.31,-1.01
AUDCAD,M30,UTC 22-06,20.0/50.0p,1.5,28,35.7,2,0.89,-950.9,0.35,-0.95
AUDCAD,H1,UTC 21-06,25.0/60.0p,1.5,163,47.2,6,0.68,-2090.9,0.76,-2.96
AUDNZD,M5,UTC 00-05,6.0/35.0p,1.6,100,50.0,7,0.97,-2777.0,0.26,-2.85
AUDNZD,M5,UTC 22-05,8.0/40.0p,1.6,163,68.1,12,0.41,-560.0,0.85,-0.86
AUDNZD,M15,UTC 00-05,10.0/30.0p,1.6,35,45.7,3,0.89,-1502.2,0.3,-1.57
AUDNZD,M15,UTC 23-06,12.0/35.0p,1.6,33,39.4,2,0.96,-1892.4,0.19,-1.96
AUDNZD,M15,UTC 00-05,15.0/35.0p,1.6,32,37.5,2,0.96,-1929.4,0.18,-1.99
AUDNZD,M30,UTC 00-06,15.0/40.0p,1.6,31,38.7,2,0.9,-1221.8,0.34,-1.34
AUDNZD,M30,UTC 22-06,20.0/50.0p,1.6,38,50.0,3,0.77,-873.4,0.58,-0.98
AUDNZD,H1,UTC 21-06,25.0/60.0p,1.6,259,42.1,6,0.7,-2375.0,0.79,-2.62
AUDCHF,M5,UTC 00-05,6.0/35.0p,1.6,128,66.4,12,0.47,870.2,1.31,-0.76
AUDCHF,M5,UTC 22-05,8.0/40.0p,1.6,155,61.9,7,0.8,1588.6,1.47,-0.62
AUDCHF,M15,UTC 00-05,10.0/30.0p,1.6,23,60.9,4,0.0,179.3,1.27,-0.28
AUDCHF,M15,UTC 23-06,12.0/35.0p,1.6,33,54.5,4,0.02,189.6,1.25,-0.28
AUDCHF,M15,UTC 00-05,15.0/35.0p,1.6,23,52.2,3,0.69,-162.7,0.76,-0.51
AUDCHF,M30,UTC 00-06,15.0/40.0p,1.6,20,35.0,2,0.79,-785.2,0.27,-0.82
AUDCHF,M30,UTC 22-06,20.0/50.0p,1.6,29,55.2,5,0.04,252.7,1.24,-0.54
AUDCHF,H1,UTC 21-06,25.0/60.0p,1.6,158,51.3,7,0.04,462.3,1.05,-1.88
NZDCAD,M5,UTC 00-05,6.0/35.0p,1.8,90,33.3,3,0.94,-3002.5,0.15,-3.0
NZDCAD,M5,UTC 22-05,8.0/40.0p,1.8,126,47.6,6,0.86,-2261.4,0.43,-2.28
NZDCAD,M15,UTC 00-05,10.0/30.0p,1.8,32,40.6,2,0.96,-2193.6,0.14,-2.23
NZDCAD,M15,UTC 23-06,12.0/35.0p,1.8,37,40.5,3,0.93,-2329.5,0.14,-2.36
NZDCAD,M15,UTC 00-05,15.0/35.0p,1.8,32,40.6,2,0.95,-2289.2,0.11,-2.32
NZDCAD,M30,UTC 00-06,15.0/40.0p,1.8,28,39.3,2,0.93,-941.5,0.38,-1.09
NZDCAD,M30,UTC 22-06,20.0/50.0p,1.8,32,43.8,3,0.88,-776.1,0.5,-1.0
NZDCAD,H1,UTC 21-06,25.0/60.0p,1.8,166,41.0,5,0.94,-3975.2,0.6,-4.26
NZDJPY,M5,UTC 00-05,6.0/35.0p,1.8,105,50.5,6,0.95,-3443.9,0.21,-3.47
NZDJPY,M5,UTC 22-05,8.0/40.0p,1.8,126,56.3,9,0.92,-2854.3,0.37,-2.88
NZDJPY,M15,UTC 00-05,10.0/30.0p,1.8,45,53.3,6,0.95,-2035.1,0.28,-2.05
NZDJPY,M15,UTC 23-06,12.0/35.0p,1.8,46,52.2,6,0.94,-1890.1,0.32,-1.9
NZDJPY,M15,UTC 00-05,15.0/35.0p,1.8,44,54.5,6,0.93,-1820.0,0.33,-1.83
NZDJPY,M30,UTC 00-06,15.0/40.0p,1.8,35,42.9,3,0.72,-1240.6,0.46,-1.29
NZDJPY,M30,UTC 22-06,20.0/50.0p,1.8,37,51.4,6,0.0,-539.8,0.73,-0.71
NZDJPY,H1,UTC 21-06,25.0/60.0p,1.8,236,47.5,6,0.8,-5056.4,0.71,-5.59
NZDCHF,M5,UTC 00-05,6.0/35.0p,1.8,71,9.9,1,0.96,-3425.4,0.03,-3.43
NZDCHF,M5,UTC 22-05,8.0/40.0p,1.8,130,46.9,5,0.41,-315.9,0.91,-0.98
NZDCHF,M15,UTC 00-05,10.0/30.0p,1.8,22,18.2,1,0.96,-1506.6,0.12,-1.51
NZDCHF,M15,UTC 23-06,12.0/35.0p,1.8,25,16.0,1,0.96,-1636.4,0.11,-1.64
NZDCHF,M15,UTC 00-05,15.0/35.0p,1.8,22,18.2,1,0.96,-1506.6,0.12,-1.51
NZDCHF,M30,UTC 00-06,15.0/40.0p,1.8,17,23.5,2,0.92,-896.4,0.23,-0.93
NZDCHF,M30,UTC 22-06,20.0/50.0p,1.8,30,50.0,3,0.36,178.4,1.14,-0.42
NZDCHF,H1,UTC 21-06,25.0/60.0p,1.8,175,44.0,7,0.17,-1886.3,0.84,-3.53
CADJPY,M5,UTC 00-05,6.0/35.0p,1.5,88,47.7,6,0.92,-2448.1,0.21,-2.45
CADJPY,M5,UTC 22-05,8.0/40.0p,1.5,106,52.8,7,0.83,-2554.3,0.27,-2.65
CADJPY,M15,UTC 00-05,10.0/30.0p,1.5,29,44.8,3,0.92,-1232.2,0.25,-1.24
CADJPY,M15,UTC 23-06,12.0/35.0p,1.5,33,42.4,4,0.94,-1444.7,0.22,-1.44
CADJPY,M15,UTC 00-05,15.0/35.0p,1.5,28,46.4,3,0.91,-1160.3,0.28,-1.18
CADJPY,M30,UTC 00-06,15.0/40.0p,1.5,20,45.0,4,0.73,-1025.0,0.33,-1.13
CADJPY,M30,UTC 22-06,20.0/50.0p,1.5,22,40.9,2,0.94,-1560.0,0.2,-1.56
CADJPY,H1,UTC 21-06,25.0/60.0p,1.5,156,46.8,9,0.97,-6573.9,0.54,-6.84
CADCHF,M5,UTC 00-05,6.0/35.0p,1.8,93,63.4,12,0.39,612.3,1.33,-0.51
CADCHF,M5,UTC 22-05,8.0/40.0p,1.8,121,57.9,7,0.82,1372.2,1.6,-0.47
CADCHF,M15,UTC 00-05,10.0/30.0p,1.8,18,27.8,2,0.93,-1118.4,0.15,-1.21
CADCHF,M15,UTC 23-06,12.0/35.0p,1.8,25,24.0,2,0.98,-1555.7,0.05,-1.57
CADCHF,M15,UTC 00-05,15.0/35.0p,1.8,18,22.2,2,0.96,-1283.2,0.02,-1.3
CADCHF,M30,UTC 22-06,20.0/50.0p,1.8,18,55.6,3,0.46,28.2,1.04,-0.3
CADCHF,H1,UTC 21-06,25.0/60.0p,1.8,65,46.2,5,0.19,-306.8,0.9,-0.84
CHFJPY,M5,UTC 00-05,6.0/35.0p,1.8,96,69.8,10,0.86,-1345.5,0.52,-1.73
CHFJPY,M5,UTC 22-05,8.0/40.0p,1.8,122,69.7,8,0.65,-743.8,0.78,-1.81
CHFJPY,M15,UTC 00-05,10.0/30.0p,1.8,40,65.0,8,0.57,-1094.6,0.54,-1.57
CHFJPY,M15,UTC 23-06,12.0/35.0p,1.8,44,56.8,6,0.81,-1536.2,0.48,-1.87
CHFJPY,M15,UTC 00-05,15.0/35.0p,1.8,39,61.5,6,0.71,-1216.6,0.57,-1.61
CHFJPY,M30,UTC 00-06,15.0/40.0p,1.8,20,50.0,5,0.2,-558.1,0.58,-1.13
CHFJPY,M30,UTC 22-06,20.0/50.0p,1.8,20,45.0,4,0.23,-601.4,0.59,-1.2
CHFJPY,H1,UTC 21-06,25.0/60.0p,1.8,157,45.2,7,0.94,-10197.8,0.47,-10.34
