類型,模組識別碼,交易品種,週期,總交易次數,獲利筆數(W),虧損筆數(L),勝率(%),實質總淨利(USD),總投報率(%),預估年化報酬(%),獲利因子(PF),盈虧比(Payoff),每筆期望值(USD),最大回撤金額($),最大回撤百分比(%),夏普比率(Sharpe),索提諾比率(Sortino),卡瑪比率(Calmar)
獨立模組,Opt_GBPCHF_15M,GBPCHF,15m,17,13,4,76.47%,"$1,775.12",1.78%,9.25%,5.9,1.81,$104.42,-$292.80,-0.29%,5.86,11.04,31.9
獨立模組,Opt_EURGBP_15M,EURGBP,15m,19,15,4,78.95%,$643.06,0.64%,3.59%,3.92,1.05,$33.85,-$88.39,-0.09%,2.59,6.49,39.89
獨立模組,Opt_GBPCAD_15M,GBPCAD,15m,12,9,3,75.0%,$523.80,0.52%,3.05%,3.59,1.2,$43.65,-$134.02,-0.13%,1.33,16.11,23.46
獨立模組,Opt_GBPUSD_5M,GBPUSD,5m,20,15,5,75.0%,$368.00,0.37%,4.82%,3.07,1.02,$18.4,-$40.43,-0.04%,4.35,8.14,120.5
獨立模組,Opt_GBPAUD_15M,GBPAUD,15m,30,20,10,66.67%,$997.05,1.0%,5.81%,1.9,0.95,$33.24,-$288.42,-0.29%,2.48,7.78,20.03
獨立模組,Opt_AUDCHF_15M,AUDCHF,15m,18,12,6,66.67%,$399.72,0.4%,2.05%,1.74,0.87,$22.21,-$206.25,-0.21%,0.06,0.44,9.76
獨立模組,Opt_EURCHF_15M,EURCHF,15m,19,11,8,57.89%,$530.77,0.53%,2.81%,2.29,1.67,$27.94,-$143.92,-0.14%,1.0,2.01,20.07
獨立模組,Opt_USDCHF_15M,USDCHF,15m,15,9,6,60.0%,$251.95,0.25%,1.32%,1.43,0.96,$16.8,-$245.79,-0.24%,-0.69,-2.13,5.5
🏆 全旗艦組合,PORTFOLIO_TOTAL,10大交叉對組合,5M / 15M,150,104,46,69.33%,"$5,489.47",5.49%,28.16%,2.52,1.12,$36.6,-$431.41,-0.43%,9.81,22.27,65.49
